{
    "$schema": "https://schema.management.azure.com/schemas/2015-01-01/deploymentParameters.json#",
    "contentVersion": "1.0.0.0",
    "parameters": {
        "virtualMachines_Pdc01_name": {
            "value": null
        },
        "virtualMachines_Pdc02_name": {
            "value": null
        },
        "virtualNetworks_VNet01_name": {
            "value": null
        },
        "virtualNetworks_VNet02_name": {
            "value": null
        },
        "publicIPAddresses_vpnpip_name": {
            "value": null
        },
        "networkInterfaces_pdc01NIC_name": {
            "value": null
        },
        "networkInterfaces_pdc02nic_name": {
            "value": null
        },
        "publicIPAddresses_pdc01pip_name": {
            "value": null
        },
        "publicIPAddresses_pdc02pip_name": {
            "value": null
        },
        "networkSecurityGroups_pdc01NSG_name": {
            "value": null
        },
        "networkSecurityGroups_pdc02NSG_name": {
            "value": null
        },
        "virtualNetworkGateways_VNet1GW_name": {
            "value": null
        }
    }
}